{
    "resourceNameTruncated": "userna5feb3cfd",
    "userPoolName": "usernamealias5feb3cfd_userpool_5feb3cfd",
    "autoVerifiedAttributes": [
        "email"
    ],
    "mfaConfiguration": "OFF",
    "mfaTypes": [
        "SMS Text Message"
    ],
    "smsAuthenticationMessage": "Your authentication code is {####}",
    "smsVerificationMessage": "Your verification code is {####}",
    "emailVerificationSubject": "Your verification code",
    "emailVerificationMessage": "Your verification code is {####}",
    "defaultPasswordPolicy": false,
    "passwordPolicyMinLength": 8,
    "passwordPolicyCharacters": [],
    "requiredAttributes": [
        "email",
        "name",
        "phone_number"
    ],
    "userpoolClientGenerateSecret": true,
    "userpoolClientRefreshTokenValidity": 30,
    "userpoolClientWriteAttributes": [
        "email",
        "name",
        "phone_number"
    ],
    "userpoolClientReadAttributes": [
        "email",
        "name",
        "phone_number"
    ],
    "userpoolClientLambdaRole": "userna5feb3cfd_userpoolclient_lambda_role",
    "userpoolClientSetAttributes": true,
    "sharedId": "5feb3cfd",
    "resourceName": "usernamealias5feb3cfd5feb3cfd",
    "authSelections": "userPoolOnly",
    "authRoleArn": {
        "Fn::GetAtt": [
            "AuthRole",
            "Arn"
        ]
    },
    "unauthRoleArn": {
        "Fn::GetAtt": [
            "UnauthRole",
            "Arn"
        ]
    },
    "useDefault": "manual",
    "usernameAttributes": [
        "email"
    ],
    "userPoolGroups": false,
    "adminQueries": false,
    "triggers": "{}",
    "hostedUI": false,
    "userPoolGroupList": [],
    "serviceName": "Cognito",
    "usernameCaseSensitive": false,
    "parentStack": {
        "Ref": "AWS::StackId"
    },
    "permissions": [],
    "dependsOn": []
}