{
  "dev": {
    "awscloudformation": {
      "AuthRoleName": "amplify-usernamealias-dev-143505-authRole",
      "UnauthRoleArn": "arn:aws:iam::625395662669:role/amplify-usernamealias-dev-143505-unauthRole",
      "AuthRoleArn": "arn:aws:iam::625395662669:role/amplify-usernamealias-dev-143505-authRole",
      "Region": "ap-southeast-2",
      "DeploymentBucketName": "amplify-usernamealias-dev-143505-deployment",
      "UnauthRoleName": "amplify-usernamealias-dev-143505-unauthRole",
      "StackName": "amplify-usernamealias-dev-143505",
      "StackId": "arn:aws:cloudformation:ap-southeast-2:625395662669:stack/amplify-usernamealias-dev-143505/f71b9090-6132-11eb-94be-02ba9eb84fce",
      "AmplifyAppId": "d1wowbtwnbdra5"
    },
    "categories": {
      "auth": {
        "usernamealias5feb3cfd5feb3cfd": {}
      }
    }
  }
}