{
  "providers": {
    "awscloudformation": {
      "AuthRoleName": "amplify-usernamealias-dev-143505-authRole",
      "UnauthRoleArn": "arn:aws:iam::625395662669:role/amplify-usernamealias-dev-143505-unauthRole",
      "AuthRoleArn": "arn:aws:iam::625395662669:role/amplify-usernamealias-dev-143505-authRole",
      "Region": "ap-southeast-2",
      "DeploymentBucketName": "amplify-usernamealias-dev-143505-deployment",
      "UnauthRoleName": "amplify-usernamealias-dev-143505-unauthRole",
      "StackName": "amplify-usernamealias-dev-143505",
      "StackId": "arn:aws:cloudformation:ap-southeast-2:625395662669:stack/amplify-usernamealias-dev-143505/f71b9090-6132-11eb-94be-02ba9eb84fce",
      "AmplifyAppId": "d1wowbtwnbdra5"
    }
  },
  "auth": {
    "usernamealias5feb3cfd5feb3cfd": {
      "service": "Cognito",
      "providerPlugin": "awscloudformation",
      "dependsOn": [],
      "customAuth": false,
      "providerMetadata": {
        "s3TemplateURL": "https://s3.amazonaws.com/amplify-usernamealias-dev-143505-deployment/amplify-cfn-templates/auth/usernamealias5feb3cfd5feb3cfd-cloudformation-template.yml",
        "logicalId": "authusernamealias5feb3cfd5feb3cfd"
      },
      "lastPushTimeStamp": "2021-01-28T06:45:37.388Z",
      "output": {
        "AppClientSecret": "i3j85onqr5csilggcc5lif5iac46qbhvtusrqd6ojt7r2loqjjg",
        "UserPoolId": "ap-southeast-2_9Wk5BJQvl",
        "AppClientIDWeb": "4rul0vqoimk1459li61bhj83vg",
        "AppClientID": "35kct2q50oj0pr8laciiibhk9p",
        "UserPoolName": "usernamealias5feb3cfd_userpool_5feb3cfd"
      },
      "lastPushDirHash": "vH+eJTs89A1k0G1ypKJEDeh8fVU="
    }
  }
}